epoch,loss,val_f1,val_acc
1,1.2570692414648077,0.9156409250531483,0.9123505976095617
2,0.21845903000637387,0.9722769011640539,0.9721115537848606
3,0.07882383007430628,0.9722769011640539,0.9721115537848606
